user;adresa;telefon
363830865;Nelson Road;+1 (193) 536-5568
212674470;Dakota Viaduct;+1 (320) 153-5084
809611593;Federico Pine;+1 (331) 879-0821
654592253;North Road;+1 (919) 096-2798
183825261;Gusikowski Viaduct;+1 (312) 686-8228
749915917;Kling Radial;+1 (802) 554-6479
751522410;Sycamore Avenue;+1 (823) 675-1738
245948418;Koepp Courts;+1 (587) 593-6138
472338080;Koelpin Pine;+1 (729) 531-1775
882192441;Main Street E;+1 (162) 394-4247
841064609;Jennifer Crossroad;+1 (782) 362-4846
990457540;Ashlynn Park;+1 (861) 419-4743
547851729;Maryam Manors;+1 (155) 151-5674
401115360;Franecki Ridge;+1 (853) 725-9603
405082594;Fern Forest;+1 (417) 915-0997
933615434;Brent Creek;+1 (705) 190-5239
863221000;Somerset Road;+1 (791) 229-8273
104008086;Schmeler Roads;+1 (141) 337-2205
918109633;Carmella Centers;+1 (738) 664-3967
543609094;Alanna Meadows;+1 (192) 106-8835
973053937;Stuart Inlet;+1 (322) 307-0770
726803067;Kessler Spurs;+1 (802) 813-8187
463943714;Littel Square;+1 (666) 514-1415
334185296;Water Lane;+1 (470) 101-4212
419017470;Richmond Road;+1 (491) 402-0938
371722803;Kovacek Expressway;+1 (989) 814-8597
453882886;Alyce Crescent;+1 (674) 451-8819
674945929;Nellie Radial;+1 (682) 736-5202
120409087;Nikki Expressway;+1 (199) 058-4286
467502577;Kirlin Cliffs;+1 (931) 591-6212
100129245;E 3rd Street;+1 (734) 099-4534
242270223;Daron Flat;+1 (385) 983-8301
383822309;Forrest Drives;+1 (278) 579-5822
728596479;Amparo Port;+1 (300) 008-5957
392916162;Ryan Field;+1 (652) 984-6455
865110148;Milford Island;+1 (640) 354-7811
642680592;Rowan Route;+1 (544) 844-8180
828071842;East Street;+1 (056) 326-5417
176917820;Devin Spring;+1 (613) 484-9903
948827884;Hoppe Mount;+1 (327) 707-7165
856435193;Sabryna Hill;+1 (302) 241-7917
213589844;Missouri Estates;+1 (949) 756-2427
215544850;Caden Radial;+1 (071) 785-3321
150919261;E High Street;+1 (575) 644-4022
310629001;Dolly Village;+1 (470) 307-1009
511246089;Heron Close;+1 (918) 313-4695
207816747;Will Shoals;+1 (999) 849-8030
319108447;Effertz Way;+1 (789) 219-6680
796692228;Durgan Island;+1 (389) 077-3718
730663588;Baumbach Drive;+1 (182) 354-1424
496944606;Hane Rue;+1 (424) 771-7713
695802927;Mayfield Road;+1 (699) 419-6228
418485457;Armand Plaza;+1 (430) 423-1480
114473031;Lynch Forges;+1 (690) 116-5391
106547482;Alejandrin Rapid;+1 (112) 356-7398
589076023;Mayfield Road;+1 (319) 065-7018
615451077;Volkman Island;+1 (865) 925-9351
946718839;Jennyfer Terrace;+1 (881) 075-0567
636943934;Alison Row;+1 (014) 543-9874
700455503;Linda Crest;+1 (092) 583-4443
588378127;Ziemann Points;+1 (599) 480-5048
610168609;Mellie Spring;+1 (305) 265-6662
871994024;Harris Canyon;+1 (290) 436-4517
572026370;Westgate;+1 (958) 031-8043
166134006;Hillside;+1 (715) 039-5153
361833445;Lakin Lakes;+1 (603) 291-3251
505558157;Brendan Ridge;+1 (587) 547-6610
620121922;West Avenue;+1 (463) 036-7001
476252978;W Park Street;+1 (252) 557-0074
878526777;Nightingale Close;+1 (817) 751-9688
803784701;Maggie Knolls;+1 (698) 585-1151
655417023;Langosh Ranch;+1 (328) 797-6277
931626226;Birch Grove;+1 (042) 844-0133
426853748;Ericka Lights;+1 (775) 690-2725
217013514;Parker Flats;+1 (020) 719-3191
873742106;Grimes Parks;+1 (402) 408-2868
322370271;Monahan Crossing;+1 (602) 476-1861
699936699;Bashirian Gardens;+1 (015) 808-3351
686941805;Balistreri Court;+1 (802) 833-0819
632034983;Genevieve Falls;+1 (596) 207-7907
942904950;Herzog Spring;+1 (793) 161-7200
670504967;Cedar Close;+1 (611) 639-7617
989261334;Reanna Ridge;+1 (892) 315-9061
268510902;Milan Camp;+1 (992) 975-3841
209505064;Beach Road;+1 (673) 752-6641
315053241;Nelson Underpass;+1 (634) 561-6587
147053007;South View;+1 (597) 866-5802
694927805;Carter Passage;+1 (376) 877-1436
552558171;Kamille Groves;+1 (197) 036-8397
470191492;Isabel Locks;+1 (303) 924-4070
848836963;Travis Points;+1 (474) 218-3723
307471387;Dayana Plaza;+1 (232) 993-3654
383523069;Damaris Common;+1 (496) 763-7802
971615956;S High Street;+1 (812) 441-8132
156456340;Wilderman Hollow;+1 (530) 382-7428
399379584;Julie Terrace;+1 (349) 036-1352
314037327;Tiara Estates;+1 (181) 479-2934
163169711;Adams Avenue;+1 (724) 811-9622
415381517;Old Military Road;+1 (183) 287-2594
359368023;W Central Avenue;+1 (226) 613-7933
387724632;New Road;+1 (316) 473-0506
554879010;Rubie Hollow;+1 (363) 191-8409
386652727;Nitzsche Key;+1 (294) 599-0644
916376955;Jackson Street;+1 (640) 984-5550
875481919;E Walnut Street;+1 (264) 236-8807
667793921;W 7th Street;+1 (405) 098-7754
903833489;Uriah Greens;+1 (597) 010-6694
780731224;S Franklin Street;+1 (752) 475-5036
304453907;Maple Street;+1 (609) 220-6601
370520753;Cassidy Course;+1 (666) 733-2726
598372987;Mulberry Street;+1 (907) 866-3829
674567278;Padberg Common;+1 (302) 362-9377
856739584;Kiana Garden;+1 (122) 186-7974
677595735;Sycamore Avenue;+1 (978) 327-8168
532126556;Krista Ports;+1 (434) 626-0105
402106624;Americo Motorway;+1 (194) 105-4902
357948573;Wisoky Heights;+1 (882) 313-6162
447337105;Terry Way;+1 (614) 885-8993
751779556;Gordon Street;+1 (449) 253-1705
201752636;Stracke Causeway;+1 (184) 131-8283
476957220;Marta Knoll;+1 (532) 702-3842
876188260;Boundary Road;+1 (880) 303-6118
951070388;DuBuque Via;+1 (932) 822-1318
215492507;Nayeli Springs;+1 (276) 659-1420
375256462;Jacobson Courts;+1 (673) 469-0497
463739649;S Washington Street;+1 (277) 646-8075
937815599;Erdman Course;+1 (149) 903-2891
496122301;Moore Corners;+1 (802) 783-4816
590420076;Odessa Freeway;+1 (816) 521-4656
611234020;Violet Flat;+1 (962) 421-1107
731850178;S Broadway Street;+1 (859) 936-4021
847225981;S Grand Avenue;+1 (208) 930-0275
685913241;8th Street;+1 (032) 978-0449
843055031;Wehner Knoll;+1 (113) 046-4809
557678404;Main Street N;+1 (644) 797-0143
124004049;Konopelski Views;+1 (807) 630-3793
680682474;Klein Land;+1 (804) 848-2932
561410378;Rogahn Lane;+1 (998) 407-8964
964913251;W 4th Street;+1 (781) 961-7678
666516240;Landen Cliffs;+1 (573) 441-5363
998333892;Walker Meadow;+1 (245) 542-8178
987181883;Pasquale Route;+1 (824) 759-0967
508027276;Swift Haven;+1 (537) 517-5482
132216254;Oak Road;+1 (632) 796-0683
669699287;Ransom Gardens;+1 (415) 774-3584
367329621;O'Reilly Isle;+1 (051) 393-1392
655443461;E Broadway;+1 (738) 042-5360
813451079;Heathcote Locks;+1 (128) 984-3206
166628375;Jose Valley;+1 (581) 899-4606
157985216;Brock Avenue;+1 (285) 316-1876
427887941;E 10th Street;+1 (006) 275-0228
771513333;Braun Spurs;+1 (289) 570-2346
726617005;Wisozk Rest;+1 (445) 397-1138
267337435;Wilkinson Via;+1 (541) 271-9011
537178579;Bath Street;+1 (960) 334-8357
221370334;Emmerich Branch;+1 (613) 065-5883
375927405;Edmond Lodge;+1 (906) 382-7079
407726992;Cartwright Brook;+1 (836) 820-1205
522826046;W Chestnut Street;+1 (886) 184-8435
652868808;Hill Street;+1 (414) 579-4862
430631573;W 14th Street;+1 (089) 803-4370
939973668;Lime Grove;+1 (069) 183-9943
732867362;Valentina Green;+1 (410) 352-6509
179785972;Jubilee Close;+1 (419) 164-7053
804403544;Deborah Roads;+1 (645) 200-3319
493969723;Hills Plains;+1 (273) 211-4150
161057926;Castle Street;+1 (521) 067-0113
263894236;Herman Run;+1 (929) 285-8997
544351212;Gerlach Shore;+1 (886) 482-1507
217914829;Heller Underpass;+1 (649) 592-1836
917885921;Yundt Loaf;+1 (112) 889-4819
858671124;Devyn Parks;+1 (860) 780-0767
896939043;Smitham Plains;+1 (612) 089-1831
880079949;Schuster Meadow;+1 (269) 251-8421
620676743;Ursula Island;+1 (894) 597-2373
998295058;Gordon Street;+1 (502) 608-4344
913447178;Doyle Shoals;+1 (577) 329-0482
454289491;Sheldon Fort;+1 (028) 492-0960
980894782;Long Lane;+1 (145) 547-5735
745128716;Birch Road;+1 (868) 765-6414
417023646;Cavendish Road;+1 (173) 126-9727
853407883;E Grand Avenue;+1 (467) 622-7798
920449500;West End;+1 (480) 724-8596
632370197;Barney Vista;+1 (376) 058-7794
654093086;Commerce Street;+1 (750) 642-9455
152316081;S Park Street;+1 (443) 202-6709
417410359;Gerhard Groves;+1 (374) 517-1332
604916007;Garth Hollow;+1 (939) 534-7809
771198496;Bednar Square;+1 (464) 717-1312
101539408;Grange Avenue;+1 (920) 414-8907
447468679;Angel Parks;+1 (590) 570-5078
403308393;Roger Knoll;+1 (011) 595-8587
533362737;Castle Road;+1 (404) 031-8671
334153847;King Shoals;+1 (970) 958-3086
966250012;Rubie Rue;+1 (232) 512-7107
277059882;Veum Ways;+1 (206) 346-0375
197253555;Lucie Parkways;+1 (411) 021-8813
821243442;Quitzon Lodge;+1 (453) 869-9518
664422638;Lavada Canyon;+1 (314) 330-3528
377194914;Rogelio Hill;+1 (000) 077-3530
